Liked?,counts,year,population,percentage
1,153,2014,1550,0.09870967741935484
2,682,2014,1550,0.44
3,522,2014,1550,0.3367741935483871
