Learned?,counts,year,population,percentage
1.0,16,2014,1550,0.01032258064516129
2.0,75,2014,1550,0.04838709677419355
3.0,549,2014,1550,0.35419354838709677
4.0,771,2014,1550,0.4974193548387097
5.0,138,2014,1550,0.08903225806451613
