Liked?,counts,year,population,percentage
1,80,2014,1550,0.05161290322580645
2,9,2014,1550,0.005806451612903226
3,680,2014,1550,0.43870967741935485
4,588,2014,1550,0.3793548387096774
