Liked?,counts,year,population,percentage
1,234,2014,1550,0.15096774193548387
2,905,2014,1550,0.5838709677419355
3,159,2014,1550,0.10258064516129033
