Liked?,counts,year,population,percentage
1,4,2014,101,0.039603960396039604
2,29,2014,101,0.2871287128712871
3,45,2014,101,0.44554455445544555
4,23,2014,101,0.22772277227722773
