Liked?,counts,year,population,percentage
1.0,12,PreviousYear,91,0.13186813186813187
2.0,63,PreviousYear,91,0.6923076923076923
3.0,16,PreviousYear,91,0.17582417582417584
