Liked?,counts,year,population,percentage
1.0,30,PreviousYear,91,0.32967032967032966
2.0,51,PreviousYear,91,0.5604395604395604
3.0,10,PreviousYear,91,0.10989010989010989
