Liked?,counts,year,population,percentage
1,3,2017,442,0.006787330316742082
2,10,2017,442,0.02262443438914027
3,125,2017,442,0.2828054298642534
4,304,2017,442,0.6877828054298643
