Liked?,counts,year,population,percentage
1,7,2020,190,0.03684210526315789
2,17,2020,190,0.08947368421052632
3,54,2020,190,0.28421052631578947
4,54,2020,190,0.28421052631578947
