Liked?,counts,year,population,percentage
1,5,2019,190,0.02631578947368421
2,13,2019,190,0.06842105263157895
3,86,2019,190,0.45263157894736844
4,86,2019,190,0.45263157894736844
