Liked?,counts,year,population,percentage
1.0,4,2018,870,0.004597701149425287
2.0,17,2018,870,0.01954022988505747
3.0,289,2018,870,0.332183908045977
4.0,560,2018,870,0.6436781609195402
