Liked?,counts,year,population,percentage
0.8,8,2015,88,0.09090909090909091
1.6,1,2015,88,0.011363636363636364
2.4,2,2015,88,0.022727272727272728
3.2,38,2015,88,0.4318181818181818
4.0,39,2015,88,0.4431818181818182
