Learned?,counts,year,population,percentage
1.0,3,2018,870,0.0034482758620689655
2.0,19,2018,870,0.021839080459770115
3.0,232,2018,870,0.26666666666666666
4.0,490,2018,870,0.5632183908045977
5.0,126,2018,870,0.14482758620689656
