Learned?,counts,year,population,percentage
1.0,8,2016,249,0.0321285140562249
2.0,19,2016,249,0.07630522088353414
3.0,91,2016,249,0.3654618473895582
4.0,103,2016,249,0.41365461847389556
5.0,28,2016,249,0.11244979919678715
