Learned?,counts,year,population,percentage
1.0,1,2017,442,0.0022624434389140274
2.0,8,2017,442,0.01809954751131222
3.0,92,2017,442,0.2081447963800905
4.0,225,2017,442,0.5090497737556561
5.0,116,2017,442,0.26244343891402716
