Learned?,counts,year,population,percentage
1.0,5,2019,190,0.02631578947368421
2.0,10,2019,190,0.05263157894736842
3.0,67,2019,190,0.3526315789473684
4.0,79,2019,190,0.41578947368421054
5.0,29,2019,190,0.15263157894736842
