Learned?,counts,year,population,percentage
1.0,1,2015,88,0.011363636363636364
2.0,2,2015,88,0.022727272727272728
3.0,20,2015,88,0.22727272727272727
4.0,34,2015,88,0.38636363636363635
5.0,31,2015,88,0.3522727272727273
