Question,Counts,Year,population,Percentage
Aspecto Visual,36,2015,88,0.4090909090909091
Navegação na Ferramenta,44,2015,88,0.5
Perguntas,15,2015,88,0.17045454545454544
Exemplos,25,2015,88,0.2840909090909091
Vídeos,32,2015,88,0.36363636363636365
Modelo de Negócios,47,2015,88,0.5340909090909091
Indicações de Interface,11,2015,88,0.125
Mural de equipa,4,2015,88,0.045454545454545456
Gestão de equipa,4,2015,88,0.045454545454545456
Gestão de projectos,38,2015,88,0.4318181818181818
