Question,Counts,Year,population,Percentage
Aspecto visual,13,2015,88,0.14772727272727273
Navegação na Ferramenta,23,2015,88,0.26136363636363635
Perguntas,22,2015,88,0.25
Exemplos,21,2015,88,0.23863636363636365
Vídeos,22,2015,88,0.25
Modelo de Negócios,9,2015,88,0.10227272727272728
Indicações de interface,32,2015,88,0.36363636363636365
Mural de equipa,28,2015,88,0.3181818181818182
Gestão de equipa,25,2015,88,0.2840909090909091
Gestão de projectos,11,2015,88,0.125
