Liked?,counts,year,population,percentage
1,10,2016,249,0.040160642570281124
2,37,2016,249,0.14859437751004015
3,81,2016,249,0.3253012048192771
4,121,2016,249,0.4859437751004016
