Year,AverageLearned
2014,3.6068431245965136
2015,4.045454545454546
2016,3.4979919678714864
2017,4.01131221719457
2018,3.8241379310344823
2019,3.6157894736842096
2020,3.484848484848485
