Year,AverageLiked
'1-PreviousYear',2.6263736263736264
'2-2013/2014',3.1821263482280426
'3-2014/2015',3.3000000000000003
'4-2015/2016',3.2570281124497997
'5-2016/2017',3.65158371040724
'6-2017/2018',3.614942528735632
'7-2018/2019',3.3315789473684214
'7-2019/2020',3.1742424242424243
